test;abc;contact@ipm.tn;74426001;http://php7g2.test:8989/profils/1680950537aziin.jpg
abid;ahmed;admin@gmail.frgg;22000005;http://php7g2.test:8989/profils/
abid;sami;bouazizwajdi@yahoo.fr;74426001;http://php7g2.test:8989/profils/
jhgjg;jhgjhg;a@gmail.com;55555;http://php7g2.test:8989/profils/
abid;sami;sami@gmail.com;22000000;http://php7g2.test:8989/profils/default.jpg
abid;mohamed;sam0i@gmail.com;22000000;http://php7g2.test:8989/profils/default.jpg
neji;ahmed;sa55mi@gmail.com;22000000;http://php7g2.test:8989/profils/default.jpg
test;test;sam4i@gmail.com;22000000;http://php7g2.test:8989/profils/default.jpg
abid;sami;sa00mi@gmail.com;22000000;http://php7g2.test:8989/profils/default.jpg
abid;sami;sam88i@gmail.com;22000000;http://php7g2.test:8989/profils/default.jpg
abid;sami;sa7mi@gmail.com;22000000;http://php7g2.test:8989/profils/default.jpg
abid;sami;sa8mi@gmail.com;22000000;http://php7g2.test:8989/profils/default.jpg
abid;sami;sa9mi@gmail.com;22000000;http://php7g2.test:8989/profils/default.jpg
abid;sami;s25ami@gmail.com;22000000;http://php7g2.test:8989/profils/default.jpg
abid;sami;sa45mi@gmail.com;22000000;http://php7g2.test:8989/profils/default.jpg
abid;sami;sa866mi@gmail.com;22000000;http://php7g2.test:8989/profils/default.jpg
abid;sami;sa785mi@gmail.com;22000000;http://php7g2.test:8989/profils/default.jpg
